Model,Accuracy,Precision,Recall,F1,ROC-AUC
Neural Net (MLP),0.10446,0.086678497123975,0.9998823529411764,0.1595277423229972,0.7260857049180327
Logistic Regression,0.34227,0.1071972346817003,0.9194117647058824,0.1920076655651511,0.6408267058823529
KNN,0.085,0.085,1.0,0.1566820276497695,0.5997736959177112
Decision Tree,0.91318,0.0,0.0,0.0,0.5039617486338798
Random Forest,0.085,0.085,1.0,0.1566820276497695,0.5039016393442624
SVM,0.085,0.085,1.0,0.1566820276497695,0.5
Extra Trees,0.08621,0.0851029745992651,1.0,0.1568569556832965,0.4899657209900353
XGBoost,0.08771,0.0852309759448104,1.0,0.1570743516063162,0.4682446846673095
