Model,Accuracy,Precision,Recall,F1,ROC-AUC
Random Forest,0.085,0.085,1.0,0.15668202764976957,0.5039016393442624
KNN,0.085,0.085,1.0,0.15668202764976957,0.5997736959177112
Logistic Regression,0.34227,0.10719723468170034,0.9194117647058824,0.19200766556515117,0.6408267058823529
Decision Tree,0.91318,0.0,0.0,0.0,0.5039617486338798
SVM,0.085,0.085,1.0,0.15668202764976957,0.5
XGBoost,0.08771,0.08523097594481044,1.0,0.15707435160631625,0.4682446846673095
Extra Trees,0.08621,0.08510297459926511,1.0,0.15685695568329658,0.4899657209900353
Neural Net (MLP),0.10446,0.08667849712397503,0.9998823529411764,0.1595277423229972,0.7260857049180327
